{
  "timestamp": "2025-12-09T07:19:59.340901",
  "results": {
    "flask-wsgi": {
      "/parallel": {
        "single_request": {
          "success": true,
          "duration": 0.5174410343170166,
          "status_code": 200
        },
        "concurrent_10": {
          "total_time": 2.101897954940796,
          "requests_per_second": 4.757604895372606,
          "mean_latency": 1.1013524532318115,
          "median_latency": 1.0965347290039062,
          "p95_latency": 2.32328222990036,
          "p99_latency": 2.5429023718833923,
          "min_latency": 0.5952765941619873,
          "max_latency": 2.098670721054077,
          "errors": 0,
          "success_rate": 1.0
        },
        "concurrent_50": {
          "total_time": 6.879091024398804,
          "requests_per_second": 7.268402151194058,
          "mean_latency": 3.6583675575256347,
          "median_latency": 3.7524787187576294,
          "p95_latency": 6.46755838394165,
          "p99_latency": 6.8840447568893435,
          "min_latency": 0.7475640773773193,
          "max_latency": 6.821817398071289,
          "errors": 0,
          "success_rate": 1.0
        },
        "concurrent_100": {
          "total_time": 13.182934999465942,
          "requests_per_second": 7.5855642164700905,
          "mean_latency": 6.4913644695281985,
          "median_latency": 6.482598185539246,
          "p95_latency": 11.936275160312652,
          "p99_latency": 12.811401462554931,
          "min_latency": 0.6261193752288818,
          "max_latency": 12.811476469039917,
          "errors": 0,
          "success_rate": 1.0
        },
        "async_concurrent_100": {
          "total_time": 14.546232461929321,
          "requests_per_second": 6.874632332579719,
          "mean_latency": 7.280778338909149,
          "median_latency": 7.259061574935913,
          "p95_latency": 12.447372663021088,
          "p99_latency": 13.23860923051834,
          "min_latency": 1.8738601207733154,
          "max_latency": 13.239296674728394,
          "errors": 0,
          "success_rate": 1.0
        }
      },
      "/multi-io": {
        "single_request": {
          "success": true,
          "duration": 0.3916594982147217,
          "status_code": 200
        },
        "concurrent_10": {
          "total_time": 1.243546485900879,
          "requests_per_second": 8.041516833812262,
          "mean_latency": 0.7820935487747193,
          "median_latency": 0.8529201745986938,
          "p95_latency": 1.247813630104065,
          "p99_latency": 1.2559065675735475,
          "min_latency": 0.4679272174835205,
          "max_latency": 1.2395367622375488,
          "errors": 0,
          "success_rate": 1.0
        }
      },
      "/cpu-intensive": {
        "single_request": {
          "success": true,
          "duration": 0.09972524642944336,
          "status_code": 200
        }
      },
      "/db-simulation": {
        "single_request": {
          "success": true,
          "duration": 0.09585809707641602,
          "status_code": 200
        }
      },
      "/slow": {
        "single_request": {
          "success": true,
          "duration": 0.26965761184692383,
          "status_code": 200
        },
        "concurrent_10": {
          "total_time": 1.098658561706543,
          "requests_per_second": 9.102008893888772,
          "mean_latency": 0.6036486387252807,
          "median_latency": 0.5976330041885376,
          "p95_latency": 1.2056821942329408,
          "p99_latency": 1.313206560611725,
          "min_latency": 0.34227705001831055,
          "max_latency": 1.0957140922546387,
          "errors": 0,
          "success_rate": 1.0
        }
      }
    },
    "flask-asgi-wrapper": {
      "/parallel": {
        "single_request": {
          "success": true,
          "duration": 0.2776815891265869,
          "status_code": 200
        },
        "concurrent_10": {
          "total_time": 1.1182901859283447,
          "requests_per_second": 8.94222280212406,
          "mean_latency": 0.6571391105651856,
          "median_latency": 0.6034353971481323,
          "p95_latency": 1.122516393661499,
          "p99_latency": 1.1289071559906005,
          "min_latency": 0.3433387279510498,
          "max_latency": 1.1159803867340088,
          "errors": 0,
          "success_rate": 1.0
        },
        "concurrent_50": {
          "total_time": 4.171683311462402,
          "requests_per_second": 11.985569437310014,
          "mean_latency": 1.7613846445083619,
          "median_latency": 1.7470725774765015,
          "p95_latency": 3.639911639690399,
          "p99_latency": 4.130457942485809,
          "min_latency": 0.36574506759643555,
          "max_latency": 4.0063636302948,
          "errors": 0,
          "success_rate": 1.0
        },
        "concurrent_100": {
          "total_time": 9.0157470703125,
          "requests_per_second": 11.09170423927319,
          "mean_latency": 3.4797501587867736,
          "median_latency": 3.2494053840637207,
          "p95_latency": 7.653305733203888,
          "p99_latency": 8.543947036266326,
          "min_latency": 0.41954493522644043,
          "max_latency": 8.545701265335083,
          "errors": 0,
          "success_rate": 1.0
        },
        "async_concurrent_100": {
          "total_time": 8.586279392242432,
          "requests_per_second": 11.646488010901257,
          "mean_latency": 4.040964086055755,
          "median_latency": 3.9751113653182983,
          "p95_latency": 6.6307231187820435,
          "p99_latency": 7.35890086889267,
          "min_latency": 1.6571710109710693,
          "max_latency": 7.359757423400879,
          "errors": 0,
          "success_rate": 1.0
        }
      },
      "/multi-io": {
        "single_request": {
          "success": true,
          "duration": 0.39498424530029297,
          "status_code": 200
        },
        "concurrent_10": {
          "total_time": 1.9816904067993164,
          "requests_per_second": 5.0461969062822885,
          "mean_latency": 0.9154970645904541,
          "median_latency": 0.8364284038543701,
          "p95_latency": 2.14805611371994,
          "p99_latency": 2.3148309874534605,
          "min_latency": 0.45923686027526855,
          "max_latency": 1.9774909019470215,
          "errors": 0,
          "success_rate": 1.0
        }
      },
      "/cpu-intensive": {
        "single_request": {
          "success": true,
          "duration": 0.10664510726928711,
          "status_code": 200
        }
      },
      "/db-simulation": {
        "single_request": {
          "success": true,
          "duration": 0.0994877815246582,
          "status_code": 200
        }
      },
      "/slow": {
        "single_request": {
          "success": true,
          "duration": 0.26796436309814453,
          "status_code": 200
        },
        "concurrent_10": {
          "total_time": 1.6206555366516113,
          "requests_per_second": 6.170342663105761,
          "mean_latency": 0.7633808612823486,
          "median_latency": 0.6143068075180054,
          "p95_latency": 1.73223557472229,
          "p99_latency": 1.8441775608062745,
          "min_latency": 0.35109567642211914,
          "max_latency": 1.6177494525909424,
          "errors": 0,
          "success_rate": 1.0
        }
      }
    },
    "quart-native": {
      "/parallel": {
        "single_request": {
          "success": true,
          "duration": 0.26616454124450684,
          "status_code": 200
        },
        "concurrent_10": {
          "total_time": 0.3658933639526367,
          "requests_per_second": 27.33036721948982,
          "mean_latency": 0.3557392358779907,
          "median_latency": 0.35927295684814453,
          "p95_latency": 0.364508843421936,
          "p99_latency": 0.3645887804031372,
          "min_latency": 0.3383827209472656,
          "max_latency": 0.3644270896911621,
          "errors": 0,
          "success_rate": 1.0
        },